{"cameraMode":{"drawMode":0,"name":"Shaded","section":"Shading Mode"},"sceneLighting":true,"audioPlay":false,"sceneViewState":{"showFog":true,"showMaterialUpdate":false,"showSkybox":true,"showFlares":true,"showImageEffects":true,"showParticleSystems":true},"in2DMode":false,"pivot":{"x":-5.085237979888916,"y":0.3568906784057617,"z":-1.263930320739746},"rotation":{"x":-0.21761710941791535,"y":0.4744928181171417,"z":-0.12232597172260285,"w":-0.8441194891929627},"size":4.968164443969727,"orthographic":false}