{"cameraMode":{"drawMode":0,"name":"Shaded","section":"Shading Mode"},"sceneLighting":true,"audioPlay":false,"sceneViewState":{"showFog":true,"showMaterialUpdate":false,"showSkybox":true,"showFlares":true,"showImageEffects":true,"showParticleSystems":true},"in2DMode":false,"pivot":{"x":-3.545667886734009,"y":7.5728607177734379,"z":-0.9342887997627258},"rotation":{"x":-0.08097154647111893,"y":0.8968735933303833,"z":-0.1844303458929062,"w":-0.39376014471054079},"size":38.988319396972659,"orthographic":false}