{"cameraMode":{"drawMode":0,"name":"Shaded","section":"Shading Mode"},"sceneLighting":false,"audioPlay":false,"sceneViewState":{"showFog":true,"showMaterialUpdate":false,"showSkybox":false,"showFlares":true,"showImageEffects":true,"showParticleSystems":true},"in2DMode":false,"pivot":{"x":0.2232203483581543,"y":0.1613902747631073,"z":-0.8465802073478699},"rotation":{"x":-0.05577714741230011,"y":-0.011384231969714165,"z":0.000636278826277703,"w":-0.9983802437782288},"size":2.9258077144622804,"orthographic":false}