{"cameraMode":{"drawMode":0,"name":"Shaded","section":"Shading Mode"},"sceneLighting":true,"audioPlay":false,"sceneViewState":{"showFog":true,"showMaterialUpdate":false,"showSkybox":true,"showFlares":true,"showImageEffects":true,"showParticleSystems":true},"in2DMode":false,"pivot":{"x":-13.686657905578614,"y":13.140392303466797,"z":-15.38177490234375},"rotation":{"x":-0.3682212233543396,"y":0.382008820772171,"z":-0.16936419904232026,"w":-0.8305448293685913},"size":4.252176284790039,"orthographic":false}