{"cameraMode":{"drawMode":0,"name":"Shaded","section":"Shading Mode"},"sceneLighting":true,"audioPlay":false,"sceneViewState":{"showFog":true,"showMaterialUpdate":false,"showSkybox":false,"showFlares":true,"showImageEffects":true,"showParticleSystems":true},"in2DMode":false,"pivot":{"x":12.079549789428711,"y":7.014039039611816,"z":15.771977424621582},"rotation":{"x":-0.2711152136325836,"y":0.3403477370738983,"z":-0.10316362977027893,"w":-0.8944382667541504},"size":73.22246551513672,"orthographic":false}