{"cameraMode":{"drawMode":0,"name":"Shaded","section":"Shading Mode"},"sceneLighting":true,"audioPlay":false,"sceneViewState":{"showFog":true,"showMaterialUpdate":false,"showSkybox":false,"showFlares":true,"showImageEffects":true,"showParticleSystems":true},"in2DMode":false,"pivot":{"x":0.2585916519165039,"y":0.043578147888183597,"z":-0.9760847091674805},"rotation":{"x":-0.2711152136325836,"y":0.3403477370738983,"z":-0.10316362977027893,"w":-0.8944382667541504},"size":11.026951789855957,"orthographic":false}