{"cameraMode":{"drawMode":0,"name":"Shaded","section":"Shading Mode"},"sceneLighting":true,"audioPlay":false,"sceneViewState":{"showFog":true,"showMaterialUpdate":false,"showSkybox":true,"showFlares":true,"showImageEffects":true,"showParticleSystems":true},"in2DMode":false,"pivot":{"x":0.5575025677680969,"y":8.268695831298829,"z":11.726110458374024},"rotation":{"x":0.03656715899705887,"y":0.3257833421230316,"z":0.012611417099833489,"w":-0.9446552395820618},"size":21.037076950073243,"orthographic":false}