{"cameraMode":{"drawMode":0,"name":"Shaded","section":"Shading Mode"},"sceneLighting":true,"audioPlay":false,"sceneViewState":{"showFog":true,"showMaterialUpdate":false,"showSkybox":true,"showFlares":true,"showImageEffects":true,"showParticleSystems":true},"in2DMode":false,"pivot":{"x":-0.6047279834747315,"y":4.200119972229004,"z":-15.280326843261719},"rotation":{"x":-0.3682212233543396,"y":0.382008820772171,"z":-0.16936419904232026,"w":-0.8305448293685913},"size":32.48143768310547,"orthographic":false}