{"cameraMode":{"drawMode":0,"name":"Shaded","section":"Shading Mode"},"sceneLighting":true,"audioPlay":false,"sceneViewState":{"showFog":true,"showMaterialUpdate":false,"showSkybox":true,"showFlares":true,"showImageEffects":true,"showParticleSystems":true},"in2DMode":false,"pivot":{"x":1.6652867794036866,"y":0.3870897889137268,"z":3.264085054397583},"rotation":{"x":-0.20180843770503999,"y":0.7353547215461731,"z":-0.24843937158584596,"w":-0.597332239151001},"size":12.916187286376954,"orthographic":false}